<application>
  <component name="TipsStore">
    <option name="globalFirstStartUp" value="false" />
    <entry projectPath="$USER_HOME$/TMP/learning-project" startUpFlag="FIRST" />
    <entry projectPath="$USER_HOME$/workspaces/idea/app-sz-athena-assist" startUpFlag="FIRST" />
    <entry projectPath="$USER_HOME$/workspaces/idea/report-tools" startUpFlag="FIRST" />
    <entry projectPath="$USER_HOME$/workspaces/idea/sz-artemis-recognition-api" startUpFlag="FIRST" />
    <entry projectPath="$USER_HOME$/workspaces/idea1/sz-artemis-common" startUpFlag="FIRST" />
    <entry projectPath="$USER_HOME$/workspaces/learning/第2阶段(Java初级软件工程师) - JSP、Servlet、HTML、CSS、JS、Bootstrap、XML、AJAX、MySQL、SQL Server、Oracle/201 JavaEE/【javazx.com】javaEE部分（6-10）集/【www.javaxxz.com】07-dom4j修改XML、xpath技术、SAX解析/01.代码/day07" startUpFlag="FIRST" />
  </component>
</application>