<application>
  <component name="MaterialThemeConfig">
    <option name="compactMenus" value="true" />
    <option name="compactStatusBar" value="true" />
    <option name="compactTables" value="true" />
    <option name="customTreeIndentEnabled" value="true" />
    <option name="compactDropdowns" value="true" />
    <option name="compactSidebar" value="true" />
    <option name="isCompactMenus" value="true" />
    <option name="isCompactStatusBar" value="true" />
    <option name="isCompactTables" value="true" />
    <option name="isCustomTreeIndentEnabled" value="true" />
    <option name="isWizardShown" value="true" />
    <option name="overrideAccentColor" value="false" />
    <option name="pristineConfig" value="false" />
    <option name="treeFontSizeEnabled" value="true" />
    <option name="tabFontSizeEnabled" value="true" />
    <option name="useMaterialFont2" value="true" />
    <option name="treeFontSize" value="10" />
    <option name="tabFontSize" value="10" />
    <option name="highlightThickness" value="1" />
    <option name="indicatorThickness" value="1" />
    <option name="leftTreeIndent" value="0" />
    <option name="rightTreeIndent" value="6" />
    <option name="settingsSelectedTab" value="2" />
    <option name="tabsHeight" value="10" />
    <option name="accentColor" value="42a5f5" />
    <option name="selectedTheme" value="MONOKAI" />
    <option name="userId" value="7455abbb:16f664f1406:-8000" />
    <option name="version" value="5.5.0" />
  </component>
</application>