<keymap version="1" name="Mac OS X 10.5+ copy" parent="Mac OS X 10.5+">
  <action id="$Delete">
    <keyboard-shortcut first-keystroke="delete" />
    <keyboard-shortcut first-keystroke="back_space" />
    <keyboard-shortcut first-keystroke="meta back_space" />
    <keyboard-shortcut first-keystroke="ctrl d" />
  </action>
  <action id="$EditorTranslateAction">
    <keyboard-shortcut first-keystroke="ctrl meta u" />
    <keyboard-shortcut first-keystroke="ctrl alt t" />
  </action>
  <action id="AceAction">
    <keyboard-shortcut first-keystroke="ctrl alt semicolon" />
    <keyboard-shortcut first-keystroke="alt k" />
  </action>
  <action id="AceTargetAction" />
  <action id="AceWordBackwardsAction">
    <keyboard-shortcut first-keystroke="shift alt j" />
  </action>
  <action id="AceWordForwardAction">
    <keyboard-shortcut first-keystroke="alt j" />
  </action>
  <action id="ActivateFavoritesToolWindow" />
  <action id="ActivateFindToolWindow" />
  <action id="ActivateMavenToolWindow">
    <keyboard-shortcut first-keystroke="meta 3" />
  </action>
  <action id="ActivateleetcodeToolWindow">
    <keyboard-shortcut first-keystroke="meta 2" />
  </action>
  <action id="Annotate">
    <keyboard-shortcut first-keystroke="f10" />
  </action>
  <action id="Arrangement.Alias.Rule.Add">
    <keyboard-shortcut first-keystroke="meta n" />
  </action>
  <action id="Arrangement.Rule.Add">
    <keyboard-shortcut first-keystroke="meta n" />
  </action>
  <action id="CallHierarchy" />
  <action id="ChangesView.Diff" />
  <action id="ChangesView.ToggleCommitUi" />
  <action id="ChooseDebugConfiguration">
    <keyboard-shortcut first-keystroke="ctrl alt f9" />
  </action>
  <action id="CodeCompletion">
    <keyboard-shortcut first-keystroke="alt slash" />
  </action>
  <action id="CodeInspection.OnEditor">
    <keyboard-shortcut first-keystroke="shift meta i" />
  </action>
  <action id="CompareTwoFiles" />
  <action id="Compile">
    <keyboard-shortcut first-keystroke="shift meta f12" />
  </action>
  <action id="CompileDirty">
    <keyboard-shortcut first-keystroke="meta f12" />
  </action>
  <action id="Console.Execute.Multiline">
    <keyboard-shortcut first-keystroke="shift meta enter" />
    <keyboard-shortcut first-keystroke="ctrl enter" />
  </action>
  <action id="Console.Jdbc.ExplainPlan">
    <keyboard-shortcut first-keystroke="ctrl alt e" />
  </action>
  <action id="Console.Jdbc.ExplainPlan.Raw">
    <keyboard-shortcut first-keystroke="shift alt e" />
  </action>
  <action id="Console.Open">
    <keyboard-shortcut first-keystroke="shift meta f10" />
    <keyboard-shortcut first-keystroke="shift alt s" />
  </action>
  <action id="Console.SplitLine">
    <keyboard-shortcut first-keystroke="ctrl meta enter" />
  </action>
  <action id="Console.TableResult.CloneRow" />
  <action id="Console.TableResult.ColumnsList">
    <keyboard-shortcut first-keystroke="meta f11" />
  </action>
  <action id="Console.TableResult.EditFilterCriteria">
    <keyboard-shortcut first-keystroke="meta alt f" />
  </action>
  <action id="Console.TableResult.Submit">
    <keyboard-shortcut first-keystroke="shift meta enter" />
    <keyboard-shortcut first-keystroke="ctrl enter" />
  </action>
  <action id="CopyPaths">
    <keyboard-shortcut first-keystroke="shift meta c" />
    <keyboard-shortcut first-keystroke="meta alt c" />
  </action>
  <action id="DatabaseView.CopyAction" />
  <action id="DatabaseView.FullTextSearch" />
  <action id="Debug">
    <keyboard-shortcut first-keystroke="shift f9" />
    <keyboard-shortcut first-keystroke="ctrl f9" />
  </action>
  <action id="DebugClass">
    <keyboard-shortcut first-keystroke="shift ctrl d" />
    <keyboard-shortcut first-keystroke="shift ctrl f9" />
  </action>
  <action id="Diff.ShowDiff" />
  <action id="DirDiffMenu.SynchronizeDiff.All" />
  <action id="DuplicatesForm.SendToRight" />
  <action id="Editor Delete">
    <keyboard-shortcut first-keystroke="ctrl d" />
  </action>
  <action id="Editor EditorTranslateAction">
    <keyboard-shortcut first-keystroke="ctrl alt t" />
  </action>
  <action id="EditorBackSpace">
    <keyboard-shortcut first-keystroke="back_space" />
    <keyboard-shortcut first-keystroke="ctrl h" />
  </action>
  <action id="EditorCompleteStatement">
    <keyboard-shortcut first-keystroke="meta enter" />
  </action>
  <action id="EditorDeleteLine">
    <keyboard-shortcut first-keystroke="meta back_space" />
    <keyboard-shortcut first-keystroke="ctrl u" />
  </action>
  <action id="EditorDeleteToLineStart">
    <keyboard-shortcut first-keystroke="shift ctrl k" />
  </action>
  <action id="EditorDeleteToWordEnd">
    <keyboard-shortcut first-keystroke="alt delete" />
    <keyboard-shortcut first-keystroke="ctrl alt d" />
    <keyboard-shortcut first-keystroke="alt d" />
  </action>
  <action id="EditorDeleteToWordStart">
    <keyboard-shortcut first-keystroke="alt back_space" />
    <keyboard-shortcut first-keystroke="ctrl alt h" />
  </action>
  <action id="EditorDownWithSelection">
    <keyboard-shortcut first-keystroke="shift down" />
    <keyboard-shortcut first-keystroke="shift ctrl n" />
  </action>
  <action id="EditorDuplicate" />
  <action id="EditorDuplicateLines">
    <keyboard-shortcut first-keystroke="meta d" />
  </action>
  <action id="EditorLeftWithSelection">
    <keyboard-shortcut first-keystroke="shift left" />
    <keyboard-shortcut first-keystroke="shift ctrl b" />
  </action>
  <action id="EditorLineEnd">
    <keyboard-shortcut first-keystroke="end" />
    <keyboard-shortcut first-keystroke="meta right" />
    <keyboard-shortcut first-keystroke="ctrl e" />
    <keyboard-shortcut first-keystroke="alt e" />
  </action>
  <action id="EditorLineEndWithSelection">
    <keyboard-shortcut first-keystroke="shift end" />
    <keyboard-shortcut first-keystroke="shift meta right" />
    <keyboard-shortcut first-keystroke="shift ctrl e" />
  </action>
  <action id="EditorLineStart">
    <keyboard-shortcut first-keystroke="home" />
    <keyboard-shortcut first-keystroke="meta left" />
    <keyboard-shortcut first-keystroke="ctrl a" />
    <keyboard-shortcut first-keystroke="alt a" />
  </action>
  <action id="EditorLineStartWithSelection">
    <keyboard-shortcut first-keystroke="shift home" />
    <keyboard-shortcut first-keystroke="shift meta left" />
    <keyboard-shortcut first-keystroke="shift ctrl a" />
  </action>
  <action id="EditorMatchBrace">
    <keyboard-shortcut first-keystroke="ctrl m" />
    <keyboard-shortcut first-keystroke="ctrl w" />
  </action>
  <action id="EditorNextWord">
    <keyboard-shortcut first-keystroke="alt right" />
    <keyboard-shortcut first-keystroke="ctrl alt f" />
    <keyboard-shortcut first-keystroke="alt f" />
  </action>
  <action id="EditorNextWordWithSelection">
    <keyboard-shortcut first-keystroke="shift alt right" />
    <keyboard-shortcut first-keystroke="shift ctrl alt f" />
  </action>
  <action id="EditorPreviousWord">
    <keyboard-shortcut first-keystroke="alt left" />
    <keyboard-shortcut first-keystroke="ctrl alt b" />
    <keyboard-shortcut first-keystroke="alt b" />
  </action>
  <action id="EditorPreviousWordWithSelection">
    <keyboard-shortcut first-keystroke="shift alt left" />
    <keyboard-shortcut first-keystroke="shift ctrl alt b" />
  </action>
  <action id="EditorRightWithSelection">
    <keyboard-shortcut first-keystroke="shift right" />
    <keyboard-shortcut first-keystroke="shift ctrl f" />
  </action>
  <action id="EditorSelectWord">
    <keyboard-shortcut first-keystroke="alt up" />
    <keyboard-shortcut first-keystroke="alt w" />
  </action>
  <action id="EditorSplitLine">
    <keyboard-shortcut first-keystroke="ctrl meta enter" />
  </action>
  <action id="EditorUnSelectWord">
    <keyboard-shortcut first-keystroke="alt down" />
    <keyboard-shortcut first-keystroke="shift alt w" />
  </action>
  <action id="EditorUpWithSelection">
    <keyboard-shortcut first-keystroke="shift up" />
    <keyboard-shortcut first-keystroke="shift ctrl p" />
  </action>
  <action id="ExpressionTypeInfo">
    <keyboard-shortcut first-keystroke="ctrl alt p" />
  </action>
  <action id="FileChooser.GotoDesktop" />
  <action id="FileChooser.GotoModule" />
  <action id="FileChooser.GotoProject" />
  <action id="FileStructurePopup">
    <keyboard-shortcut first-keystroke="meta f11" />
  </action>
  <action id="Generate">
    <keyboard-shortcut first-keystroke="meta n" />
  </action>
  <action id="Git.Pull">
    <keyboard-shortcut first-keystroke="ctrl f2" />
  </action>
  <action id="GotoNextElementUnderCaretUsage" />
  <action id="GotoPrevElementUnderCaretUsage" />
  <action id="GotoTypeDeclaration">
    <keyboard-shortcut first-keystroke="shift meta b" />
    <mouse-shortcut keystroke="shift meta button1" />
  </action>
  <action id="Gsonformat" />
  <action id="HideAllWindows">
    <keyboard-shortcut first-keystroke="shift meta f11" />
  </action>
  <action id="HippieCompletion" />
  <action id="IntroduceConstant" />
  <action id="IntroduceField">
    <keyboard-shortcut first-keystroke="shift meta alt f" />
  </action>
  <action id="JumpToLastChange">
    <keyboard-shortcut first-keystroke="shift meta back_space" />
    <keyboard-shortcut first-keystroke="ctrl alt open_bracket" />
    <keyboard-shortcut first-keystroke="ctrl meta open_bracket" />
  </action>
  <action id="JumpToLastWindow" />
  <action id="JumpToNextChange">
    <keyboard-shortcut first-keystroke="ctrl alt close_bracket" />
    <keyboard-shortcut first-keystroke="ctrl meta close_bracket" />
  </action>
  <action id="NewElement">
    <keyboard-shortcut first-keystroke="meta n" />
  </action>
  <action id="OpenFile">
    <keyboard-shortcut first-keystroke="alt o" />
  </action>
  <action id="ProjectRefreshAction" />
  <action id="ReformatCode">
    <keyboard-shortcut first-keystroke="meta alt l" />
    <keyboard-shortcut first-keystroke="shift alt r" />
  </action>
  <action id="RerunTests">
    <keyboard-shortcut first-keystroke="ctrl meta r" />
  </action>
  <action id="RestoreDefaultLayout" />
  <action id="RunDashboard.CopyConfiguration" />
  <action id="RunDashboard.Debug">
    <keyboard-shortcut first-keystroke="shift ctrl d" />
  </action>
  <action id="SearchEverywhere">
    <keyboard-shortcut first-keystroke="alt s" />
  </action>
  <action id="SendEOF" />
  <action id="ServiceView.AddService">
    <keyboard-shortcut first-keystroke="meta n" />
  </action>
  <action id="ShowFilterPopup" />
  <action id="SmartTypeCompletion">
    <keyboard-shortcut first-keystroke="shift ctrl space" />
    <keyboard-shortcut first-keystroke="ctrl semicolon" />
  </action>
  <action id="Terminal.OpenInTerminal">
    <keyboard-shortcut first-keystroke="shift alt f12" />
  </action>
  <action id="ToggleFindInSelection" />
  <action id="ToggleLineBreakpoint">
    <keyboard-shortcut first-keystroke="meta f8" />
    <keyboard-shortcut first-keystroke="meta f9" />
  </action>
  <action id="ToggleTemporaryLineBreakpoint">
    <keyboard-shortcut first-keystroke="shift meta alt f8" />
    <keyboard-shortcut first-keystroke="shift meta alt f9" />
  </action>
  <action id="TypeHierarchy" />
  <action id="TypeHierarchyBase.BaseOnThisType" />
  <action id="UML.ShowStructure">
    <keyboard-shortcut first-keystroke="meta f11" />
  </action>
  <action id="Uml.NewElement">
    <keyboard-shortcut first-keystroke="meta n" />
  </action>
  <action id="Vcs.ShowHistoryForBlock">
    <keyboard-shortcut first-keystroke="shift f12" />
  </action>
  <action id="Vcs.ShowTabbedFileHistory">
    <keyboard-shortcut first-keystroke="f12" />
  </action>
  <action id="ViewBreakpoints">
    <keyboard-shortcut first-keystroke="shift meta f8" />
    <keyboard-shortcut first-keystroke="shift meta f9" />
  </action>
  <action id="ViewSource" />
  <action id="android.deploy.ApplyChanges">
    <keyboard-shortcut first-keystroke="ctrl meta r" />
  </action>
  <action id="android.deploy.CodeSwap">
    <keyboard-shortcut first-keystroke="shift ctrl meta r" />
  </action>
  <action id="com.sburlyaev.cmd.plugin.actions.OpenInTerminal">
    <keyboard-shortcut first-keystroke="shift alt i" />
  </action>
  <action id="com.sburlyaev.cmd.plugin.actions.OpenTerminal">
    <keyboard-shortcut first-keystroke="alt i" />
  </action>
  <action id="openAssertEqualsDiff" />
  <action id="tasks.close" />
</keymap>