<application>
  <component name="TipsStore">
    <option name="globalFirstStartUp" value="false" />
    <entry projectPath="$USER_HOME$/TMP/learning-project" startUpFlag="FIRST" />
    <entry projectPath="$USER_HOME$/workspaces/idea/Test" startUpFlag="FIRST" />
    <entry projectPath="$USER_HOME$/workspaces/idea/app-sz-artemis" startUpFlag="FIRST" />
    <entry projectPath="$USER_HOME$/workspaces/idea/app-sz-athena-assist" startUpFlag="FIRST" />
    <entry projectPath="$USER_HOME$/workspaces/idea/app-sz-hephaestus-service" startUpFlag="FIRST" />
    <entry projectPath="$USER_HOME$/workspaces/idea/report-tools" startUpFlag="FIRST" />
    <entry projectPath="$USER_HOME$/workspaces/idea/sz-artemis-common" startUpFlag="FIRST" />
    <entry projectPath="$USER_HOME$/workspaces/idea/sz-artemis-recognition-api" startUpFlag="FIRST" />
    <entry projectPath="$USER_HOME$/workspaces/idea/sz-artemis-report-parser" startUpFlag="FIRST" />
    <entry projectPath="$USER_HOME$/workspaces/idea1/app-sz-artemis" startUpFlag="FIRST" />
    <entry projectPath="$USER_HOME$/workspaces/idea1/app-sz-athena-web" startUpFlag="FIRST" />
    <entry projectPath="$USER_HOME$/workspaces/idea1/report-tools" startUpFlag="FIRST" />
    <entry projectPath="$USER_HOME$/workspaces/idea1/scaffold" startUpFlag="FIRST" />
    <entry projectPath="$USER_HOME$/workspaces/idea1/sz-artemis-common" startUpFlag="FIRST" />
    <entry projectPath="$USER_HOME$/workspaces/idea1/sz-artemis-recognition-api" startUpFlag="FIRST" />
    <entry projectPath="$USER_HOME$/workspaces/idea1/sz-libra" startUpFlag="FIRST" />
    <entry projectPath="$USER_HOME$/workspaces/learning/SpiderZhihu" startUpFlag="FIRST" />
    <entry projectPath="$USER_HOME$/workspaces/learning/ZhiHuSpider" startUpFlag="FIRST" />
    <entry projectPath="$USER_HOME$/workspaces/learning/data-team-training" startUpFlag="FIRST" />
    <entry projectPath="$USER_HOME$/workspaces/learning/holder-server" startUpFlag="FIRST" />
    <entry projectPath="$USER_HOME$/workspaces/learning/holer-server" startUpFlag="FIRST" />
    <entry projectPath="$USER_HOME$/workspaces/learning/poster" startUpFlag="FIRST" />
    <entry projectPath="$USER_HOME$/workspaces/learning/training" startUpFlag="FIRST" />
    <entry projectPath="$USER_HOME$/workspaces/learning/zhihu-crwaler" startUpFlag="FIRST" />
    <entry projectPath="$USER_HOME$/workspaces/learning/第2阶段(Java初级软件工程师) - JSP、Servlet、HTML、CSS、JS、Bootstrap、XML、AJAX、MySQL、SQL Server、Oracle/201 JavaEE/【javazx.com】javaEE部分（6-10）集/【www.javaxxz.com】07-dom4j修改XML、xpath技术、SAX解析/01.代码/day07" startUpFlag="FIRST" />
  </component>
</application>