<application>
  <component name="MaterialThemeConfig">
    <option name="customTreeIndentEnabled" value="true" />
    <option name="compactSidebar" value="true" />
    <option name="isCustomTreeIndentEnabled" value="true" />
    <option name="pristineConfig" value="false" />
    <option name="treeFontSizeEnabled" value="true" />
    <option name="tabFontSizeEnabled" value="true" />
    <option name="treeFontSize" value="9" />
    <option name="highlightThickness" value="5" />
    <option name="indicatorThickness" value="1" />
    <option name="leftTreeIndent" value="0" />
    <option name="rightTreeIndent" value="6" />
    <option name="tabsHeight" value="10" />
    <option name="accentColor" value="ffd866" />
    <option name="selectedTheme" value="MONOKAI" />
    <option name="userId" value="2742cccf:17b2d961f0f:-8000" />
    <option name="version" value="5.5.0" />
  </component>
</application>