<application>
  <component name="FileTypeManager" version="18">
    <extensionMap>
      <mapping pattern="zsh必备插件.md" type="AUTO_DETECTED" />
      <mapping ext="gradle.kts" type="Kotlin" />
      <mapping ext="main.kts" type="Kotlin" />
      <mapping pattern=".nojekyll" type="PLAIN_TEXT" />
      <mapping ext="yaml" type="PLAIN_TEXT" />
      <mapping ext="njk" type="PLAIN_TEXT" />
      <mapping ext="swig" type="PLAIN_TEXT" />
      <removed_mapping ext="apk" approved="true" type="ARCHIVE" />
      <removed_mapping ext="ignore" approved="true" type="IgnoreLang file" />
      <removed_mapping ext="json" approved="true" type="JSON" />
      <removed_mapping ext="psd" approved="true" type="Image" />
      <removed_mapping ext="yaml" approved="true" type="YAML" />
    </extensionMap>
  </component>
</application>