<application>
  <component name="AppStorage">
    <histories>
      <item value="after Last" />
      <item value="Now you just need to configure your favorite Logger to include the file name (and optionally a line number) and you can instantly jump to that file that throws this stupid error." />
      <item value="With this plugin all files and links in the console and terminal will be highlighted and can be clicked. Source code files will be opened in the IDE, other links with the default viewerbrowser for this type." />
      <item value="Finally a plugin that makes links in your console and terminal at least 200% more awesome!" />
      <item value="present" />
      <item value="Groups" />
      <item value="date" />
    </histories>
    <option name="languageScores">
      <map>
        <entry key="CHINESE" value="4" />
        <entry key="ENGLISH" value="5" />
      </map>
    </option>
  </component>
  <component name="Cache">
    <option name="lastTrimTime" value="1610437407304" />
  </component>
</application>