<keymap version="1" name="Mac OS X 10.5+ copy" parent="Mac OS X 10.5+">
  <action id="$Delete">
    <keyboard-shortcut first-keystroke="delete" />
    <keyboard-shortcut first-keystroke="back_space" />
    <keyboard-shortcut first-keystroke="meta back_space" />
    <keyboard-shortcut first-keystroke="ctrl d" />
  </action>
  <action id="ActivateFavoritesToolWindow" />
  <action id="ActivateFindToolWindow" />
  <action id="ActivateMavenToolWindow">
    <keyboard-shortcut first-keystroke="meta 3" />
  </action>
  <action id="ActivateleetcodeToolWindow">
    <keyboard-shortcut first-keystroke="meta 2" />
  </action>
  <action id="CallHierarchy" />
  <action id="ChooseDebugConfiguration">
    <keyboard-shortcut first-keystroke="ctrl alt f9" />
  </action>
  <action id="CodeCompletion">
    <keyboard-shortcut first-keystroke="alt slash" />
  </action>
  <action id="Debug">
    <keyboard-shortcut first-keystroke="shift f9" />
  </action>
  <action id="DebugClass">
    <keyboard-shortcut first-keystroke="shift ctrl f9" />
    <keyboard-shortcut first-keystroke="shift ctrl d" />
  </action>
  <action id="DuplicatesForm.SendToRight" />
  <action id="Editor Delete">
    <keyboard-shortcut first-keystroke="ctrl d" />
  </action>
  <action id="EditorBackSpace">
    <keyboard-shortcut first-keystroke="back_space" />
    <keyboard-shortcut first-keystroke="ctrl h" />
  </action>
  <action id="EditorDeleteToWordEnd">
    <keyboard-shortcut first-keystroke="alt delete" />
    <keyboard-shortcut first-keystroke="ctrl alt d" />
  </action>
  <action id="EditorDeleteToWordStart">
    <keyboard-shortcut first-keystroke="alt back_space" />
    <keyboard-shortcut first-keystroke="ctrl alt h" />
  </action>
  <action id="EditorDownWithSelection">
    <keyboard-shortcut first-keystroke="shift down" />
    <keyboard-shortcut first-keystroke="shift ctrl n" />
  </action>
  <action id="EditorLeftWithSelection">
    <keyboard-shortcut first-keystroke="shift left" />
    <keyboard-shortcut first-keystroke="shift ctrl b" />
  </action>
  <action id="EditorLineEndWithSelection">
    <keyboard-shortcut first-keystroke="shift end" />
    <keyboard-shortcut first-keystroke="shift meta right" />
    <keyboard-shortcut first-keystroke="shift ctrl e" />
  </action>
  <action id="EditorLineStartWithSelection">
    <keyboard-shortcut first-keystroke="shift home" />
    <keyboard-shortcut first-keystroke="shift meta left" />
    <keyboard-shortcut first-keystroke="shift ctrl a" />
  </action>
  <action id="EditorNextWord">
    <keyboard-shortcut first-keystroke="alt right" />
    <keyboard-shortcut first-keystroke="ctrl alt f" />
  </action>
  <action id="EditorNextWordWithSelection">
    <keyboard-shortcut first-keystroke="shift alt right" />
    <keyboard-shortcut first-keystroke="shift ctrl alt f" />
  </action>
  <action id="EditorPreviousWord">
    <keyboard-shortcut first-keystroke="alt left" />
    <keyboard-shortcut first-keystroke="ctrl alt b" />
  </action>
  <action id="EditorPreviousWordWithSelection">
    <keyboard-shortcut first-keystroke="shift alt left" />
    <keyboard-shortcut first-keystroke="shift ctrl alt b" />
  </action>
  <action id="EditorRightWithSelection">
    <keyboard-shortcut first-keystroke="shift right" />
    <keyboard-shortcut first-keystroke="shift ctrl f" />
  </action>
  <action id="EditorUpWithSelection">
    <keyboard-shortcut first-keystroke="shift up" />
    <keyboard-shortcut first-keystroke="shift ctrl p" />
  </action>
  <action id="ExpressionTypeInfo">
    <keyboard-shortcut first-keystroke="ctrl alt p" />
  </action>
  <action id="FileChooser.GotoModule" />
  <action id="FileChooser.GotoProject" />
  <action id="GotoTypeDeclaration">
    <keyboard-shortcut first-keystroke="shift meta b" />
    <mouse-shortcut keystroke="shift meta button1" />
  </action>
  <action id="HippieCompletion" />
  <action id="RevealIn">
    <keyboard-shortcut first-keystroke="ctrl f2" />
  </action>
  <action id="ShowFilterPopup" />
  <action id="SmartTypeCompletion">
    <keyboard-shortcut first-keystroke="shift ctrl space" />
    <keyboard-shortcut first-keystroke="ctrl semicolon" />
  </action>
  <action id="TypeHierarchy" />
  <action id="TypeHierarchyBase.BaseOnThisType" />
  <action id="Vcs.Log.AnnotateRevisionAction" />
  <action id="Vcs.ShowTabbedFileHistory">
    <keyboard-shortcut first-keystroke="f10" />
  </action>
  <action id="android.deploy.ApplyChanges">
    <keyboard-shortcut first-keystroke="ctrl meta r" />
  </action>
  <action id="android.deploy.CodeSwap">
    <keyboard-shortcut first-keystroke="shift ctrl meta r" />
  </action>
</keymap>