<application>
  <component name="VimEditorSettings">
    <editor>
      <key-repeat enabled="true" />
    </editor>
  </component>
  <component name="VimHistorySettings">
    <history>
      <history-search>
        <entry>sleep</entry>
      </history-search>
      <history-cmd>
        <entry>gc</entry>
        <entry>/sleep</entry>
        <entry encoding="base64">IGdj</entry>
        <entry>action GotoClass</entry>
        <entry>ga</entry>
        <entry>action FindUsages</entry>
        <entry>action GotoAction</entry>
        <entry>set so=5</entry>
        <entry>96</entry>
        <entry>set so=35</entry>
        <entry>set sj=3</entry>
        <entry>set sj=10</entry>
        <entry>q</entry>
        <entry>action Find</entry>
      </history-cmd>
      <history-expr />
      <history-input />
    </history>
  </component>
  <component name="VimKeySettings">
    <shortcut-conflicts>
      <shortcut-conflict owner="vim">
        <text>ctrl pressed A</text>
      </shortcut-conflict>
      <shortcut-conflict owner="vim">
        <text>ctrl pressed E</text>
      </shortcut-conflict>
      <shortcut-conflict owner="vim">
        <text>ctrl pressed D</text>
      </shortcut-conflict>
      <shortcut-conflict owner="vim">
        <text>ctrl pressed J</text>
      </shortcut-conflict>
      <shortcut-conflict owner="vim">
        <text>ctrl pressed H</text>
      </shortcut-conflict>
      <shortcut-conflict owner="vim">
        <text>ctrl pressed F</text>
      </shortcut-conflict>
      <shortcut-conflict owner="vim">
        <text>ctrl pressed B</text>
      </shortcut-conflict>
      <shortcut-conflict owner="vim">
        <text>ctrl pressed K</text>
      </shortcut-conflict>
      <shortcut-conflict owner="vim">
        <text>ctrl pressed R</text>
      </shortcut-conflict>
      <shortcut-conflict owner="vim">
        <text>ctrl pressed O</text>
      </shortcut-conflict>
      <shortcut-conflict owner="vim">
        <text>pressed F8</text>
      </shortcut-conflict>
      <shortcut-conflict owner="vim">
        <text>pressed F7</text>
      </shortcut-conflict>
      <shortcut-conflict owner="vim">
        <text>ctrl pressed P</text>
      </shortcut-conflict>
      <shortcut-conflict owner="vim">
        <text>ctrl pressed N</text>
      </shortcut-conflict>
    </shortcut-conflicts>
  </component>
  <component name="VimMarksSettings">
    <globalmarks />
    <filemarks>
      <file name="$USER_HOME$/workspaces/idea/sync/pom.xml" timestamp="1588660339923">
        <mark key="'" line="0" column="0" />
        <mark key="[" line="82" column="10" />
        <mark key="]" line="82" column="10" />
        <mark key="." line="82" column="9" />
        <mark key="^" line="82" column="10" />
      </file>
      <file name="$USER_HOME$/workspaces/idea/app-sz-athena-web/src/main/java/com/wayue/sz/athena/web/dto/TrainingLvl2ItemDto.java" timestamp="1588734633061" />
      <file name="$USER_HOME$/workspaces/idea/app-sz-athena-web/src/main/java/com/wayue/sz/athena/web/controller/training/WebTrainingReportController.java" timestamp="1588751014990">
        <mark key="'" line="214" column="74" />
        <mark key="[" line="706" column="59" />
        <mark key="]" line="706" column="60" />
        <mark key="." line="706" column="60" />
      </file>
      <file name="$USER_HOME$/workspaces/idea/app-sz-athena-web/src/main/java/com/wayue/sz/athena/web/handle/impl/TrainingReportHandleImpl.java" timestamp="1588750522529">
        <mark key="'" line="1122" column="0" />
        <mark key="[" line="103" column="14" />
      </file>
      <file name="$USER_HOME$/workspaces/idea/sync/src/main/java/com/xh/sync/T04_HelloJOL.java" timestamp="1588565991178">
        <mark key="'" line="18" column="4" />
        <mark key="[" line="12" column="9" />
        <mark key="]" line="11" column="4" />
        <mark key="^" line="10" column="60" />
        <mark key="." line="11" column="32" />
      </file>
    </filemarks>
    <jumps>
      <jump line="11" column="29" filename="$USER_HOME$/workspaces/idea/sync/src/main/java/com/xh/sync/T04_HelloJOL.java" />
      <jump line="9" column="26" filename="$USER_HOME$/workspaces/idea/sync/src/main/java/com/xh/sync/T04_HelloJOL.java" />
      <jump line="10" column="60" filename="$USER_HOME$/workspaces/idea/sync/src/main/java/com/xh/sync/T04_HelloJOL.java" />
      <jump line="18" column="4" filename="$USER_HOME$/workspaces/idea/sync/src/main/java/com/xh/sync/T04_HelloJOL.java" />
      <jump line="107" column="8" filename="$USER_HOME$/workspaces/idea/sync/pom.xml" />
      <jump line="91" column="0" filename="$USER_HOME$/workspaces/idea/sync/pom.xml" />
      <jump line="14" column="0" filename="$USER_HOME$/workspaces/idea/sync/pom.xml" />
      <jump line="0" column="0" filename="$USER_HOME$/workspaces/idea/sync/pom.xml" />
      <jump line="163" column="38" filename="$USER_HOME$/workspaces/idea/app-sz-athena-web/src/main/java/com/wayue/sz/athena/web/handle/impl/TrainingReportHandleImpl.java" />
      <jump line="1119" column="0" filename="$USER_HOME$/workspaces/idea/app-sz-athena-web/src/main/java/com/wayue/sz/athena/web/handle/impl/TrainingReportHandleImpl.java" />
      <jump line="214" column="74" filename="$USER_HOME$/workspaces/idea/app-sz-athena-web/src/main/java/com/wayue/sz/athena/web/controller/training/WebTrainingReportController.java" />
    </jumps>
  </component>
  <component name="VimRegisterSettings">
    <registers>
      <register name="0" type="2">
        <text encoding="base64">ICAgIDwhLS0gaHR0cHM6Ly9tdm5yZXBvc2l0b3J5LmNvbS9hcnRpZmFjdC9vcmcub3Blbmpkay5qb2wvam9sLWNvcmUgLS0+Cg==</text>
      </register>
      <register name="1" type="2">
        <text encoding="base64">ICAgICAgICBrawo=</text>
      </register>
      <register name=":" type="4">
        <text>action Find</text>
      </register>
      <register name="*" type="4">
        <text encoding="base64">IA==</text>
      </register>
      <register name="-" type="4">
        <text encoding="base64">IA==</text>
      </register>
      <register name="/" type="4">
        <text>sleep</text>
      </register>
    </registers>
  </component>
  <component name="VimSearchSettings">
    <search>
      <last-search>sleep</last-search>
      <last-offset />
      <last-pattern>sleep</last-pattern>
      <last-dir>1</last-dir>
      <show-last>false</show-last>
    </search>
  </component>
  <component name="VimSettings">
    <state version="6" enabled="false" />
    <notifications>
      <idea-join enabled="false" />
      <idea-put enabled="true" />
    </notifications>
  </component>
</application>