<application>
  <component name="AppStorage">
    <histories>
      <item value="reates a new sequential or parallel {@code Stream} from a * {@code Spliterator}. * * &lt;p&gt;The spliterator is only traversed, split, or queried for estimated * size after the terminal operation of the stream pipeline commences. * * &lt;p&gt;It is strongly recommended the spliterator report a characteristic of * {@code IMMUTABLE} or {@code CONCURRENT}, or be * &lt;a href=&quot;../Spliterator.html#binding&quot;&gt;late-binding&lt;/a&gt;. Otherwise, * {@link #stream(java.util.function.Supplier, int, boolean)} should be used * to reduce the scope of potential interference with the source. See * &lt;a href=&quot;package-summary.html#NonInterference&quot;&gt;Non-Interference&lt;/a&gt; for * more details. * * @param &lt;T&gt; the type of stream elements * @param spliterator a {@code Spliterator} describing the stream elements * @param parallel if {@code true} then the returned stream is a parallel * stream; if {@code false} the returned stream is a sequential * stream. * @return a new sequential or parallel {@code Stream}" />
      <item value="delete status" />
      <item value="szversion" />
      <item value="sz Status" />
      <item value="String" />
    </histories>
    <option name="languageScores">
      <map>
        <entry key="CHINESE" value="2" />
        <entry key="ENGLISH" value="3" />
        <entry key="GERMAN" value="1" />
      </map>
    </option>
  </component>
</application>