<application>
  <component name="AppStorage">
    <histories>
      <item value="explain select m.ORDER_CODE, m.RAW_NAME, m.Path, m.BASIC_RECORD_ID from temp_report_complete.meinian_html_report_task m where status = 0 and 0&lt;= m.ORDER_CODE and NEW_RESULT is null order by ORDER_CODE limit 1000" />
      <item value="ambiguous" />
      <item value="ORDER CODE" />
    </histories>
    <option name="languageScores">
      <map>
        <entry key="CHINESE" value="1" />
        <entry key="ENGLISH" value="2" />
      </map>
    </option>
  </component>
</application>