<application>
  <component name="TipsStore">
    <option name="globalFirstStartUp" value="false" />
    <entry projectName="$USER_HOME$/1" firstStartUp="false" />
    <entry projectName="$USER_HOME$/software/dubbo-admin" firstStartUp="false" />
    <entry projectName="$USER_HOME$/sz-artemis-report-parser" firstStartUp="false" />
    <entry projectName="$USER_HOME$/workspaces/idea/Test" firstStartUp="false" />
    <entry projectName="$USER_HOME$/workspaces/idea/app-sz-athena-web" firstStartUp="false" />
    <entry projectName="$USER_HOME$/workspaces/idea/app-sz-hephaestus-service" firstStartUp="false" />
    <entry projectName="$USER_HOME$/workspaces/idea/data-team-training" firstStartUp="false" />
    <entry projectName="$USER_HOME$/workspaces/idea/dubbo-demo" firstStartUp="false" />
    <entry projectName="$USER_HOME$/workspaces/idea/hello-world" firstStartUp="false" />
    <entry projectName="$USER_HOME$/workspaces/idea/learning-project" firstStartUp="false" />
    <entry projectName="$USER_HOME$/workspaces/idea/report-tools" firstStartUp="false" />
    <entry projectName="$USER_HOME$/workspaces/idea/sz-artemis-common" firstStartUp="false" />
    <entry projectName="$USER_HOME$/workspaces/idea/sz-artemis-recognition-api" firstStartUp="false" />
    <entry projectName="$USER_HOME$/workspaces/idea/sz-artemis-report-parser" firstStartUp="false" />
    <entry projectName="$USER_HOME$/workspaces/idea/sz-athena-assist-api" firstStartUp="false" />
    <entry projectName="$USER_HOME$/workspaces/idea/sz-athena-common" firstStartUp="false" />
    <entry projectName="$USER_HOME$/workspaces/idea/sz-dataplatform-orm" firstStartUp="false" />
    <entry projectName="$USER_HOME$/workspaces/idea/sz-hephaestus-orm" firstStartUp="false" />
    <entry projectName="$USER_HOME$/workspaces/idea/sz-hephaestus-service-api" firstStartUp="false" />
    <entry projectName="$USER_HOME$/workspaces/idea1/sz-artemis-report-parser" firstStartUp="false" />
    <entry projectName="$USER_HOME$/workspaces/learning/app-sz-athena-web" firstStartUp="false" />
    <entry projectName="$USER_HOME$/workspaces/learning/dubbo-demo" firstStartUp="false" />
    <entry projectName="$USER_HOME$/workspaces/learning/fullstack-tutorial" firstStartUp="false" />
    <entry projectName="$USER_HOME$/workspaces/learning/holder-server" firstStartUp="false" />
    <entry projectName="$USER_HOME$/workspaces/learning/spring-demo" firstStartUp="false" />
    <entry projectName="$USER_HOME$/workspaces/learning/sz-libra" firstStartUp="false" />
  </component>
</application>