<application>
  <component name="AppStorage">
    <histories>
      <item value="anchor" />
      <item value="the identity value for the reduction" />
      <item value="initialized" />
      <item value="transports" />
      <item value="prematurally" />
      <item value="Gets the text owned by this element only; does not get the combined text of all children" />
      <item value="combined" />
    </histories>
    <option name="languageScores">
      <map>
        <entry key="CHINESE" value="5" />
        <entry key="ENGLISH" value="6" />
        <entry key="FRENCH" value="2" />
      </map>
    </option>
  </component>
</application>