<application>
  <component name="MaterialThemeConfig">
    <option name="compactMenus" value="true" />
    <option name="compactStatusBar" value="true" />
    <option name="compactTables" value="true" />
    <option name="allowDataCollection" value="true" />
    <option name="compactDropdowns" value="true" />
    <option name="compactSidebar" value="true" />
    <option name="isCompactMenus" value="true" />
    <option name="isCompactStatusBar" value="true" />
    <option name="isCompactTables" value="true" />
    <option name="isWizardShown" value="true" />
    <option name="overrideAccentColor" value="false" />
    <option name="pristineConfig" value="false" />
    <option name="useMaterialFont2" value="true" />
    <option name="tabsHeight" value="15" />
    <option name="accentColor" value="42a5f5" />
    <option name="selectedTheme" value="SOLARIZED_DARK" />
    <option name="userId" value="7455abbb:16f664f1406:-8000" />
    <option name="version" value="5.2.0" />
  </component>
</application>