<keymap version="1" name="Mac OS X 10.5+ copy" parent="Mac OS X 10.5+">
  <action id="$Delete">
    <keyboard-shortcut first-keystroke="delete" />
    <keyboard-shortcut first-keystroke="back_space" />
    <keyboard-shortcut first-keystroke="meta back_space" />
    <keyboard-shortcut first-keystroke="ctrl d" />
  </action>
  <action id="$EditorTranslateAction">
    <keyboard-shortcut first-keystroke="ctrl meta u" />
    <keyboard-shortcut first-keystroke="ctrl alt t" />
  </action>
  <action id="$TranslateAndReplaceAction" />
  <action id="AceAction">
    <keyboard-shortcut first-keystroke="alt k" />
  </action>
  <action id="AceDeclarationAction">
    <keyboard-shortcut first-keystroke="ctrl alt semicolon" />
  </action>
  <action id="AceLineAction">
    <keyboard-shortcut first-keystroke="alt open_bracket" />
    <keyboard-shortcut first-keystroke="alt l" />
  </action>
  <action id="AceLineIndentsAction">
    <keyboard-shortcut first-keystroke="alt back_slash" />
  </action>
  <action id="AceLineStartsAction">
    <keyboard-shortcut first-keystroke="alt close_bracket" />
  </action>
  <action id="AceTargetAction">
    <keyboard-shortcut first-keystroke="shift ctrl semicolon" />
  </action>
  <action id="AceWordBackwardsAction">
    <keyboard-shortcut first-keystroke="shift alt j" />
  </action>
  <action id="AceWordForwardAction">
    <keyboard-shortcut first-keystroke="alt j" />
  </action>
  <action id="ActivateBuildToolWindow">
    <keyboard-shortcut first-keystroke="shift meta 1" />
  </action>
  <action id="ActivateCommitLogsToolWindow">
    <keyboard-shortcut first-keystroke="shift meta 6" />
  </action>
  <action id="ActivateCommitToolWindow" />
  <action id="ActivateDatabaseToolWindow">
    <keyboard-shortcut first-keystroke="meta 0" />
  </action>
  <action id="ActivateEventLogToolWindow">
    <keyboard-shortcut first-keystroke="shift meta 2" />
  </action>
  <action id="ActivateFavoritesToolWindow" />
  <action id="ActivateFindToolWindow" />
  <action id="ActivateHierarchyToolWindow">
    <keyboard-shortcut first-keystroke="shift ctrl h" />
  </action>
  <action id="ActivateMavenToolWindow">
    <keyboard-shortcut first-keystroke="meta 3" />
  </action>
  <action id="ActivateleetcodeToolWindow">
    <keyboard-shortcut first-keystroke="meta 2" />
  </action>
  <action id="AddToFavoritesPopup" />
  <action id="Annotate">
    <keyboard-shortcut first-keystroke="f10" />
  </action>
  <action id="Arrangement.Alias.Rule.Add">
    <keyboard-shortcut first-keystroke="meta n" />
  </action>
  <action id="Arrangement.Alias.Rule.Match.Condition.Move.Down" />
  <action id="Arrangement.Rule.Add">
    <keyboard-shortcut first-keystroke="meta n" />
  </action>
  <action id="Arrangement.Rule.Group.Condition.Move.Down" />
  <action id="Arrangement.Rule.Group.Condition.Move.Up" />
  <action id="Arrangement.Rule.Match.Condition.Move.Down" />
  <action id="Arrangement.Rule.Match.Condition.Move.Up" />
  <action id="Back">
    <keyboard-shortcut first-keystroke="meta open_bracket" />
    <keyboard-shortcut first-keystroke="meta alt left" />
    <mouse-shortcut keystroke="button4" />
    <keyboard-shortcut first-keystroke="meta left" />
  </action>
  <action id="CallHierarchy">
    <keyboard-shortcut first-keystroke="ctrl c" />
  </action>
  <action id="ChangesView.Diff" />
  <action id="ChangesView.Rename">
    <keyboard-shortcut first-keystroke="f2" />
    <keyboard-shortcut first-keystroke="shift f6" />
    <keyboard-shortcut first-keystroke="alt r" />
  </action>
  <action id="ChooseDebugConfiguration">
    <keyboard-shortcut first-keystroke="ctrl alt f9" />
  </action>
  <action id="CloseProject">
    <keyboard-shortcut first-keystroke="ctrl x" second-keystroke="ctrl c" />
  </action>
  <action id="CodeCompletion">
    <keyboard-shortcut first-keystroke="alt slash" />
  </action>
  <action id="CodeInspection.OnEditor">
    <keyboard-shortcut first-keystroke="shift meta i" />
  </action>
  <action id="CodotaJavaScriptSearch">
    <keyboard-shortcut first-keystroke="shift ctrl o" />
    <keyboard-shortcut first-keystroke="shift ctrl i" />
  </action>
  <action id="CodotaLeanSearchCrossRefAction">
    <keyboard-shortcut first-keystroke="shift ctrl o" />
    <keyboard-shortcut first-keystroke="alt o" />
  </action>
  <action id="CompareTwoFiles" />
  <action id="Compile">
    <keyboard-shortcut first-keystroke="shift meta f12" />
  </action>
  <action id="CompileDirty">
    <keyboard-shortcut first-keystroke="meta f12" />
  </action>
  <action id="Console.Execute.Multiline">
    <keyboard-shortcut first-keystroke="shift meta enter" />
    <keyboard-shortcut first-keystroke="ctrl enter" />
  </action>
  <action id="Console.Jpa.GenerateSql" />
  <action id="Console.Open">
    <keyboard-shortcut first-keystroke="shift meta f10" />
    <keyboard-shortcut first-keystroke="shift alt s" />
  </action>
  <action id="Console.SplitLine">
    <keyboard-shortcut first-keystroke="ctrl meta enter" />
  </action>
  <action id="Console.TableResult.CloneRow" />
  <action id="Console.TableResult.ColumnsList">
    <keyboard-shortcut first-keystroke="meta f11" />
  </action>
  <action id="Console.TableResult.EditFilterCriteria">
    <keyboard-shortcut first-keystroke="meta alt f" />
  </action>
  <action id="Console.TableResult.EditValueMaximized">
    <keyboard-shortcut first-keystroke="shift enter" />
  </action>
  <action id="Console.TableResult.Submit" />
  <action id="CopyElement" />
  <action id="CopyPaths">
    <keyboard-shortcut first-keystroke="shift meta c" />
    <keyboard-shortcut first-keystroke="meta alt c" />
  </action>
  <action id="DatabaseView.CopyAction" />
  <action id="DatabaseView.FullTextSearch" />
  <action id="Debug">
    <keyboard-shortcut first-keystroke="shift f9" />
    <keyboard-shortcut first-keystroke="ctrl f9" />
    <keyboard-shortcut first-keystroke="ctrl f5" />
    <keyboard-shortcut first-keystroke="meta r" />
  </action>
  <action id="DebugClass">
    <keyboard-shortcut first-keystroke="shift ctrl d" />
    <keyboard-shortcut first-keystroke="shift ctrl f9" />
    <keyboard-shortcut first-keystroke="shift ctrl f5" />
  </action>
  <action id="Diff.ShowDiff" />
  <action id="DirDiffMenu.SynchronizeDiff.All" />
  <action id="DuplicatesForm.SendToRight" />
  <action id="EditBreakpoint">
    <keyboard-shortcut first-keystroke="shift meta f9" />
    <keyboard-shortcut first-keystroke="shift meta f5" />
  </action>
  <action id="EditSource">
    <keyboard-shortcut first-keystroke="meta down" />
  </action>
  <action id="Editor Delete">
    <keyboard-shortcut first-keystroke="ctrl d" />
  </action>
  <action id="Editor EditorTranslateAction">
    <keyboard-shortcut first-keystroke="ctrl alt t" />
  </action>
  <action id="EditorBackSpace">
    <keyboard-shortcut first-keystroke="back_space" />
    <keyboard-shortcut first-keystroke="ctrl h" />
  </action>
  <action id="EditorCompleteStatement">
    <keyboard-shortcut first-keystroke="meta enter" />
  </action>
  <action id="EditorDeleteToWordEnd">
    <keyboard-shortcut first-keystroke="alt delete" />
    <keyboard-shortcut first-keystroke="ctrl alt d" />
    <keyboard-shortcut first-keystroke="alt d" />
  </action>
  <action id="EditorDeleteToWordStart">
    <keyboard-shortcut first-keystroke="alt back_space" />
    <keyboard-shortcut first-keystroke="ctrl alt h" />
  </action>
  <action id="EditorDownWithSelection">
    <keyboard-shortcut first-keystroke="shift down" />
    <keyboard-shortcut first-keystroke="shift ctrl n" />
  </action>
  <action id="EditorDuplicate" />
  <action id="EditorDuplicateLines">
    <keyboard-shortcut first-keystroke="meta d" />
  </action>
  <action id="EditorLeftWithSelection">
    <keyboard-shortcut first-keystroke="shift left" />
    <keyboard-shortcut first-keystroke="shift ctrl b" />
  </action>
  <action id="EditorLineEnd">
    <keyboard-shortcut first-keystroke="end" />
    <keyboard-shortcut first-keystroke="ctrl e" />
    <keyboard-shortcut first-keystroke="alt e" />
  </action>
  <action id="EditorLineEndWithSelection">
    <keyboard-shortcut first-keystroke="shift end" />
    <keyboard-shortcut first-keystroke="shift meta right" />
    <keyboard-shortcut first-keystroke="shift ctrl e" />
    <keyboard-shortcut first-keystroke="shift alt e" />
  </action>
  <action id="EditorLineStart">
    <keyboard-shortcut first-keystroke="home" />
    <keyboard-shortcut first-keystroke="ctrl a" />
    <keyboard-shortcut first-keystroke="alt a" />
  </action>
  <action id="EditorLineStartWithSelection">
    <keyboard-shortcut first-keystroke="shift home" />
    <keyboard-shortcut first-keystroke="shift meta left" />
    <keyboard-shortcut first-keystroke="shift ctrl a" />
    <keyboard-shortcut first-keystroke="shift alt a" />
  </action>
  <action id="EditorMatchBrace">
    <keyboard-shortcut first-keystroke="ctrl m" />
    <keyboard-shortcut first-keystroke="ctrl w" />
  </action>
  <action id="EditorNextWord">
    <keyboard-shortcut first-keystroke="alt right" />
    <keyboard-shortcut first-keystroke="ctrl alt f" />
    <keyboard-shortcut first-keystroke="alt f" />
  </action>
  <action id="EditorNextWordWithSelection">
    <keyboard-shortcut first-keystroke="shift alt right" />
    <keyboard-shortcut first-keystroke="shift ctrl alt f" />
    <keyboard-shortcut first-keystroke="shift alt f" />
  </action>
  <action id="EditorPreviousWord">
    <keyboard-shortcut first-keystroke="alt left" />
    <keyboard-shortcut first-keystroke="ctrl alt b" />
    <keyboard-shortcut first-keystroke="alt b" />
  </action>
  <action id="EditorPreviousWordWithSelection">
    <keyboard-shortcut first-keystroke="shift alt left" />
    <keyboard-shortcut first-keystroke="shift ctrl alt b" />
    <keyboard-shortcut first-keystroke="shift alt b" />
  </action>
  <action id="EditorRightWithSelection">
    <keyboard-shortcut first-keystroke="shift right" />
    <keyboard-shortcut first-keystroke="shift ctrl f" />
  </action>
  <action id="EditorSelectWord">
    <keyboard-shortcut first-keystroke="alt w" />
  </action>
  <action id="EditorSplitLine">
    <keyboard-shortcut first-keystroke="ctrl meta enter" />
  </action>
  <action id="EditorStartNewLineBefore">
    <keyboard-shortcut first-keystroke="meta alt enter" />
    <keyboard-shortcut first-keystroke="shift alt enter" />
  </action>
  <action id="EditorUnSelectWord">
    <keyboard-shortcut first-keystroke="shift alt w" />
  </action>
  <action id="EditorUpWithSelection">
    <keyboard-shortcut first-keystroke="shift up" />
    <keyboard-shortcut first-keystroke="shift ctrl p" />
  </action>
  <action id="EmmetNextEditPoint" />
  <action id="EmmetPreviousEditPoint" />
  <action id="ExpressionTypeInfo">
    <keyboard-shortcut first-keystroke="ctrl alt p" />
  </action>
  <action id="ExternalSystem.OpenConfig">
    <keyboard-shortcut first-keystroke="meta down" />
  </action>
  <action id="FileChooser.GotoDesktop" />
  <action id="FileChooser.GotoModule" />
  <action id="FileChooser.GotoProject" />
  <action id="FileStructurePopup">
    <keyboard-shortcut first-keystroke="meta f11" />
  </action>
  <action id="FindUsages">
    <keyboard-shortcut first-keystroke="alt f7" />
    <keyboard-shortcut first-keystroke="shift alt u" />
    <keyboard-shortcut first-keystroke="alt f4" />
  </action>
  <action id="FindWordAtCaret">
    <keyboard-shortcut first-keystroke="alt n" />
  </action>
  <action id="Forward">
    <keyboard-shortcut first-keystroke="meta close_bracket" />
    <keyboard-shortcut first-keystroke="meta alt right" />
    <mouse-shortcut keystroke="button5" />
    <keyboard-shortcut first-keystroke="meta right" />
  </action>
  <action id="Generate">
    <keyboard-shortcut first-keystroke="meta n" />
  </action>
  <action id="Git.Branches">
    <keyboard-shortcut first-keystroke="alt c" />
  </action>
  <action id="Git.Pull">
    <keyboard-shortcut first-keystroke="ctrl f2" />
  </action>
  <action id="Git.Rename.Local.Branch">
    <keyboard-shortcut first-keystroke="f2" />
    <keyboard-shortcut first-keystroke="shift f6" />
    <keyboard-shortcut first-keystroke="alt r" />
  </action>
  <action id="Git.Reword.Commit">
    <keyboard-shortcut first-keystroke="f2" />
    <keyboard-shortcut first-keystroke="shift f6" />
    <keyboard-shortcut first-keystroke="alt r" />
  </action>
  <action id="GitToolBox.BlameDetails" />
  <action id="GotoBookmark1" />
  <action id="GotoNextElementUnderCaretUsage">
    <keyboard-shortcut first-keystroke="alt down" />
  </action>
  <action id="GotoPrevElementUnderCaretUsage">
    <keyboard-shortcut first-keystroke="alt up" />
  </action>
  <action id="GotoTest">
    <keyboard-shortcut first-keystroke="shift ctrl t" />
  </action>
  <action id="GotoTypeDeclaration">
    <keyboard-shortcut first-keystroke="shift meta b" />
    <mouse-shortcut keystroke="shift meta button1" />
  </action>
  <action id="Graph.ApplyCurrentLayout" />
  <action id="Gsonformat" />
  <action id="GuiDesigner.ShrinkSelection">
    <keyboard-shortcut first-keystroke="shift alt w" />
  </action>
  <action id="HideAllWindows">
    <keyboard-shortcut first-keystroke="shift meta f11" />
    <keyboard-shortcut first-keystroke="shift meta 3" />
  </action>
  <action id="HighlightUsagesInFile">
    <keyboard-shortcut first-keystroke="shift meta f7" />
    <keyboard-shortcut first-keystroke="alt h" />
  </action>
  <action id="HippieBackwardCompletion" />
  <action id="HippieCompletion" />
  <action id="IntroduceConstant">
    <keyboard-shortcut first-keystroke="ctrl meta c" />
  </action>
  <action id="IntroduceField">
    <keyboard-shortcut first-keystroke="shift meta alt f" />
  </action>
  <action id="IntroduceProperty">
    <keyboard-shortcut first-keystroke="shift meta alt f" />
  </action>
  <action id="JumpToLastChange">
    <keyboard-shortcut first-keystroke="shift meta back_space" />
    <keyboard-shortcut first-keystroke="ctrl meta open_bracket" />
    <keyboard-shortcut first-keystroke="ctrl meta left" />
  </action>
  <action id="JumpToLastWindow" />
  <action id="JumpToNextChange">
    <keyboard-shortcut first-keystroke="shift meta delete" />
    <keyboard-shortcut first-keystroke="ctrl meta close_bracket" />
    <keyboard-shortcut first-keystroke="ctrl meta right" />
  </action>
  <action id="KotlinShellExecute" />
  <action id="List-selectFirstRow" />
  <action id="List-selectLastRow" />
  <action id="LocalHistory.ShowHistory">
    <keyboard-shortcut first-keystroke="alt quote" />
  </action>
  <action id="LocalHistory.ShowSelectionHistory">
    <keyboard-shortcut first-keystroke="shift alt h" />
    <keyboard-shortcut first-keystroke="shift alt quote" />
  </action>
  <action id="MainMenu">
    <keyboard-shortcut first-keystroke="alt f11" />
  </action>
  <action id="Maven.Reimport">
    <keyboard-shortcut first-keystroke="shift alt m" />
  </action>
  <action id="MethodHierarchy">
    <keyboard-shortcut first-keystroke="shift meta h" />
    <keyboard-shortcut first-keystroke="ctrl alt c" />
  </action>
  <action id="MethodOverloadSwitchDown" />
  <action id="MethodOverloadSwitchUp" />
  <action id="MoveTabRight">
    <keyboard-shortcut first-keystroke="alt x" />
  </action>
  <action id="NavBar-navigate">
    <keyboard-shortcut first-keystroke="meta down" />
  </action>
  <action id="NavBar-selectHome">
    <keyboard-shortcut first-keystroke="home" />
    <keyboard-shortcut first-keystroke="ctrl a" />
    <keyboard-shortcut first-keystroke="alt a" />
  </action>
  <action id="NewElement">
    <keyboard-shortcut first-keystroke="meta n" />
  </action>
  <action id="NextDiff">
    <keyboard-shortcut first-keystroke="f7" />
    <keyboard-shortcut first-keystroke="f3" />
  </action>
  <action id="OpenModuleSettings">
    <keyboard-shortcut first-keystroke="meta down" />
  </action>
  <action id="ParameterInfo">
    <keyboard-shortcut first-keystroke="meta p" />
    <keyboard-shortcut first-keystroke="ctrl 1" />
  </action>
  <action id="PinActiveTab">
    <keyboard-shortcut first-keystroke="alt p" />
  </action>
  <action id="PlantUML.Update" />
  <action id="ProjectRefreshAction" />
  <action id="ProjectViewEditSource">
    <keyboard-shortcut first-keystroke="meta down" />
  </action>
  <action id="QuickChangeScheme">
    <keyboard-shortcut first-keystroke="ctrl back_quote" />
    <keyboard-shortcut first-keystroke="alt v" />
  </action>
  <action id="RecentChangedFiles">
    <keyboard-shortcut first-keystroke="shift meta e" />
  </action>
  <action id="RecentChanges" />
  <action id="RecentLocations">
    <keyboard-shortcut first-keystroke="shift alt l" />
  </action>
  <action id="ReformatCode">
    <keyboard-shortcut first-keystroke="meta alt l" />
    <keyboard-shortcut first-keystroke="shift alt r" />
  </action>
  <action id="RemoteHostView.EditSource">
    <keyboard-shortcut first-keystroke="meta down" />
  </action>
  <action id="RenameElement">
    <keyboard-shortcut first-keystroke="shift f6" />
    <keyboard-shortcut first-keystroke="alt r" />
  </action>
  <action id="ReopenClosedTab">
    <keyboard-shortcut first-keystroke="shift meta t" />
  </action>
  <action id="Replace">
    <keyboard-shortcut first-keystroke="meta alt f" />
  </action>
  <action id="RerunTests">
    <keyboard-shortcut first-keystroke="ctrl meta r" />
  </action>
  <action id="ResourceExplorer.show">
    <keyboard-shortcut first-keystroke="shift ctrl t" />
  </action>
  <action id="RestoreDefaultLayout" />
  <action id="Resume">
    <keyboard-shortcut first-keystroke="meta alt r" />
    <keyboard-shortcut first-keystroke="f9" />
    <keyboard-shortcut first-keystroke="f5" />
  </action>
  <action id="RevealIn">
    <keyboard-shortcut first-keystroke="ctrl alt w" />
  </action>
  <action id="RunDashboard.CopyConfiguration" />
  <action id="RunDashboard.Debug">
    <keyboard-shortcut first-keystroke="shift ctrl d" />
  </action>
  <action id="RunJsbtTask" />
  <action id="SearchEverywhere">
    <keyboard-shortcut first-keystroke="alt s" />
  </action>
  <action id="SendEOF" />
  <action id="SequencePlugin.ShowSequenceDiagram">
    <keyboard-shortcut first-keystroke="ctrl x" second-keystroke="ctrl s" />
  </action>
  <action id="ServiceView.AddService">
    <keyboard-shortcut first-keystroke="meta n" />
  </action>
  <action id="ServiceView.ShowServices">
    <keyboard-shortcut first-keystroke="shift alt t" />
  </action>
  <action id="ShelvedChanges.Rename">
    <keyboard-shortcut first-keystroke="f2" />
    <keyboard-shortcut first-keystroke="shift f6" />
    <keyboard-shortcut first-keystroke="alt r" />
  </action>
  <action id="ShowFilterPopup" />
  <action id="ShowSearchHistory" />
  <action id="ShowUsages">
    <keyboard-shortcut first-keystroke="alt u" />
  </action>
  <action id="SmartSelect">
    <keyboard-shortcut first-keystroke="alt w" />
  </action>
  <action id="SmartTypeCompletion">
    <keyboard-shortcut first-keystroke="shift ctrl space" />
    <keyboard-shortcut first-keystroke="ctrl semicolon" />
    <keyboard-shortcut first-keystroke="shift alt slash" />
  </action>
  <action id="SmartUnSelect">
    <keyboard-shortcut first-keystroke="shift alt w" />
  </action>
  <action id="Sql.EditParameter">
    <keyboard-shortcut first-keystroke="meta down" />
  </action>
  <action id="StepInto">
    <keyboard-shortcut first-keystroke="f7" />
    <keyboard-shortcut first-keystroke="f3" />
  </action>
  <action id="StepOver">
    <keyboard-shortcut first-keystroke="f8" />
    <keyboard-shortcut first-keystroke="f4" />
  </action>
  <action id="TableResult.GrowSelection">
    <keyboard-shortcut first-keystroke="alt w" />
  </action>
  <action id="TableResult.ShrinkSelection">
    <keyboard-shortcut first-keystroke="shift alt w" />
  </action>
  <action id="Terminal.OpenInTerminal">
    <keyboard-shortcut first-keystroke="shift alt f12" />
  </action>
  <action id="Terminal.SmartCommandExecution.Debug" />
  <action id="Terminal.SmartCommandExecution.Run" />
  <action id="ToggleBookmark" />
  <action id="ToggleBookmark2">
    <keyboard-shortcut first-keystroke="shift ctrl 2" />
    <keyboard-shortcut first-keystroke="shift ctrl alt 2" />
  </action>
  <action id="ToggleBookmark3">
    <keyboard-shortcut first-keystroke="shift ctrl 3" />
    <keyboard-shortcut first-keystroke="shift ctrl alt 3" />
  </action>
  <action id="ToggleBookmark4">
    <keyboard-shortcut first-keystroke="shift ctrl 4" />
    <keyboard-shortcut first-keystroke="shift ctrl alt 4" />
  </action>
  <action id="ToggleLineBreakpoint">
    <keyboard-shortcut first-keystroke="meta f8" />
    <keyboard-shortcut first-keystroke="meta f9" />
    <keyboard-shortcut first-keystroke="meta f5" />
  </action>
  <action id="ToggleTemporaryLineBreakpoint">
    <keyboard-shortcut first-keystroke="shift meta alt f8" />
    <keyboard-shortcut first-keystroke="shift meta alt f9" />
  </action>
  <action id="Tool_External Tools_typora">
    <keyboard-shortcut first-keystroke="ctrl meta o" />
  </action>
  <action id="TypeHierarchy">
    <keyboard-shortcut first-keystroke="shift ctrl c" />
  </action>
  <action id="TypeHierarchyBase.BaseOnThisType" />
  <action id="UML.ShowStructure">
    <keyboard-shortcut first-keystroke="meta f11" />
  </action>
  <action id="Uml.NewElement">
    <keyboard-shortcut first-keystroke="meta n" />
  </action>
  <action id="Unwrap" />
  <action id="UsageView.ShowRecentFindUsages" />
  <action id="Vcs.ShowHistoryForBlock">
    <keyboard-shortcut first-keystroke="shift f12" />
  </action>
  <action id="Vcs.ShowTabbedFileHistory">
    <keyboard-shortcut first-keystroke="f12" />
  </action>
  <action id="ViewSource" />
  <action id="android.deploy.ApplyChanges">
    <keyboard-shortcut first-keystroke="ctrl meta r" />
  </action>
  <action id="android.deploy.CodeSwap">
    <keyboard-shortcut first-keystroke="shift ctrl meta r" />
  </action>
  <action id="com.itangcent.idea.easy_api.actions.SuvExportAction">
    <keyboard-shortcut first-keystroke="ctrl e" />
    <keyboard-shortcut first-keystroke="ctrl alt a" />
  </action>
  <action id="com.sburlyaev.cmd.plugin.actions.OpenInTerminal">
    <keyboard-shortcut first-keystroke="shift alt i" />
  </action>
  <action id="com.sburlyaev.cmd.plugin.actions.OpenTerminal">
    <keyboard-shortcut first-keystroke="alt i" />
  </action>
  <action id="com.sburlyaev.cmd.plugin.actions.SetAsDefaultDirectoryAction">
    <keyboard-shortcut first-keystroke="shift ctrl alt i" />
  </action>
  <action id="de.netnexus.CamelCasePlugin.ToggleCamelCase">
    <keyboard-shortcut first-keystroke="shift alt c" />
  </action>
  <action id="openAssertEqualsDiff" />
  <action id="tasks.close" />
  <action id="tasks.open.in.browser" />
</keymap>